id	username	regdate	ban
1	admin	2022-06-28 15:53:50	1
9	kunni	2026-03-26 08:10:22	1
11	uplv1	2026-03-26 08:18:06	1
12	mizo2002	2026-03-26 08:32:10	1
13	uplv2	2026-03-26 08:33:33	1
14	uplv3	2026-03-26 08:33:48	1
15	uplv4	2026-03-26 08:34:02	1
16	uplv5	2026-03-26 08:34:14	1
17	trungmap	2026-03-26 09:10:41	1
20	nhoem12	2026-03-26 21:56:10	1
28	linhphulong1	2026-03-27 04:39:48	1
29	thanhtung	2026-03-27 04:42:56	1
30	thanhtung1	2026-03-27 04:45:29	1
31	duk01	2026-03-27 06:15:04	1
33	dukc03	2026-03-27 06:15:40	1
37	linhphulong	2026-03-27 15:11:17	1
38	linhphulong2	2026-03-27 15:11:39	1
39	linhphulong3	2026-03-27 15:12:01	1
40	linhphulong4	2026-03-27 15:12:25	1
48	banhbaozan	2026-03-28 03:57:24	1
49	giangnguyensk	2026-03-28 05:20:59	1
50	giangnguyenhacz	2026-03-28 05:22:24	1
51	hieplinh	2026-03-28 08:07:03	1
52	hieplinh1	2026-03-28 08:07:28	1
53	hieplinh2	2026-03-28 08:07:59	1
54	hieplinh3	2026-03-28 08:08:25	1
55	hieplinh4	2026-03-28 08:08:52	1
65	hoang1	2026-03-28 20:33:18	1
66	hoang2	2026-03-28 20:33:18	1
67	hoang3	2026-03-28 20:33:18	1
68	hoang4	2026-03-28 20:33:18	1
69	hoang5	2026-03-28 20:33:18	1
70	vinhhuong	2026-03-29 04:33:46	1
71	nbl1606	2026-03-29 05:26:23	1
73	thanhtung2	2026-03-29 06:19:20	1
74	thanhtung3	2026-03-29 06:19:35	1
86	kentfoto	2026-03-30 18:13:56	1
87	seller	2026-03-30 18:59:16	1
88	chjezz	2026-03-30 19:00:31	1
89	anhtoxic	2026-03-30 19:01:16	1
96	gamalao00	2026-03-30 19:34:41	1
97	thaond	2026-03-30 19:41:42	1
98	thaond1	2026-03-30 19:46:50	1
99	thaond2	2026-03-30 19:46:58	1
100	thaond3	2026-03-30 19:47:07	1
101	thaond4	2026-03-30 19:47:18	1
104	anhtoxic3	2026-03-30 19:48:04	1
107	xsex	2026-03-30 20:02:45	1
108	sunless	2026-03-30 20:19:00	1
109	hoang123456	2026-03-30 20:32:41	1
114	vanan27	2026-03-30 20:49:09	1
117	ginger	2026-03-30 21:03:08	1
118	xahoiden	2026-03-30 21:03:32	1
123	utbeols	2026-03-30 21:28:39	1
124	beout	2026-03-30 21:50:36	1
126	tuyetvip06	2026-03-30 22:16:40	1
127	tuyetvip07	2026-03-30 22:17:04	1
128	tuyetvip08	2026-03-30 22:17:24	1
129	tuyetvip09	2026-03-30 22:17:47	1
131	vanan1	2026-03-30 23:45:19	1
132	vanan2	2026-03-30 23:45:26	1
133	vanan3	2026-03-30 23:45:44	1
134	vanan4	2026-03-30 23:45:50	1
136	daoquangdai	2026-03-30 23:49:21	1
145	kienkun	2026-03-31 00:49:07	1
146	kienkun1	2026-03-31 00:49:22	1
147	kienkun2	2026-03-31 00:49:32	1
148	kienkun3	2026-03-31 00:49:41	1
149	kienkun4	2026-03-31 00:49:49	1
154	vippro01	2026-03-31 02:01:35	1
155	daithieugia	2026-03-31 02:07:04	1
159	vipnhatsv4	2026-03-31 02:15:09	1
160	sunless1	2026-03-31 02:23:58	1
161	sunless2	2026-03-31 02:24:15	1
162	sunless3	2026-03-31 02:24:26	1
163	sunless4	2026-03-31 02:24:34	1
164	anhbanh1	2026-03-31 02:35:51	1
166	anhbanh3	2026-03-31 02:36:15	1
168	vuatrolltema	2026-03-31 02:39:35	1
170	vippro03	2026-03-31 02:56:50	1
173	kiemkhachpro	2026-03-31 03:53:53	1
180	denhat1	2026-03-31 04:44:26	1
181	denhat2	2026-03-31 04:44:39	1
182	denhat3	2026-03-31 04:44:49	1
183	denhat4	2026-03-31 04:45:02	1
184	denhat5	2026-03-31 04:45:13	1
185	ngocnhi	2026-03-31 05:13:05	1
186	vipsv1	2026-03-31 05:43:08	1
187	vipsv2	2026-03-31 05:43:25	1
189	vipsv4	2026-03-31 05:43:56	1
190	vipsv5	2026-03-31 05:44:13	1
191	temons	2026-03-31 05:46:10	1
192	vovanlinh	2026-03-31 06:25:50	1
193	advip1	2026-03-31 06:31:12	1
194	advip2	2026-03-31 06:31:40	1
195	advip4	2026-03-31 06:31:53	1
196	advip5	2026-03-31 06:32:17	1
199	hihi1	2026-03-31 06:33:37	1
200	hihi2	2026-03-31 06:33:42	1
201	hihi3	2026-03-31 06:33:47	1
202	hihi4	2026-03-31 06:33:52	1
203	hihi5	2026-03-31 06:33:56	1
206	nangnang	2026-03-31 06:35:21	1
211	boyanchoi	2026-03-31 06:38:30	1
212	beoutl	2026-03-31 06:39:11	1
213	testgame	2026-04-01 09:12:16	1
214	anhemta	2026-04-01 09:45:26	1
218	quanghuy2708	2026-04-01 11:05:40	1
219	sontra	2026-04-01 11:15:30	1
223	faia4	2026-04-01 11:52:06	1
225	nguyennam931009	2026-04-01 13:42:47	1
227	vonguyensontraqbb123	2026-04-01 13:58:07	1
230	congquyen123	2026-04-01 14:09:35	1
231	acup1	2026-04-01 14:09:50	1
232	acup2	2026-04-01 14:09:54	1
233	acup3	2026-04-01 14:10:00	1
234	acup4	2026-04-01 14:10:04	1
235	acup5	2026-04-01 14:10:07	1
236	acup6	2026-04-01 14:10:14	1
241	playboy94	2026-04-01 14:41:39	1
250	vinh1	2026-04-01 15:44:40	1
251	vinh2	2026-04-01 15:44:43	1
252	vinh3	2026-04-01 15:44:46	1
253	vinh4	2026-04-01 15:44:50	1
254	vinh5	2026-04-01 15:44:53	1
255	vietduc1	2026-04-01 16:33:32	1
256	vietduc2	2026-04-01 16:34:24	1
257	vietduc3	2026-04-01 16:34:46	1
258	vietduc4	2026-04-01 16:35:00	1
259	vietduc5	2026-04-01 16:35:20	1
264	bam5	2026-04-01 17:09:05	1
265	totomi	2026-04-01 17:47:55	1
266	mi13pro	2026-04-01 18:08:15	1
267	iphone	2026-04-01 18:08:39	1
268	covi19	2026-04-01 18:10:19	1
274	anhtuan1	2026-04-01 18:43:17	1
275	anhtuan2	2026-04-01 18:43:31	1
278	anhtuan5	2026-04-01 18:44:13	1
285	psdn9x	2026-04-02 08:39:13	1
291	gin_1995	2026-04-02 10:11:19	1
293	wapmax0	2026-04-02 10:16:01	1
300	tien3	2026-04-02 14:55:29	1
307	shopgame	2026-04-02 17:21:47	1
308	shopgame1	2026-04-02 17:22:25	1
313	nokiapromax	2026-04-02 21:23:58	1
314	thienlong	2026-04-02 21:24:01	1
315	thienlong1	2026-04-02 21:57:28	1
316	noname	2026-04-02 23:17:16	1
320	team1	2026-04-03 06:01:53	1
321	team2	2026-04-03 06:02:04	1
322	team3	2026-04-03 06:02:15	1
323	team4	2026-04-03 06:02:26	1
329	quangdai1	2026-04-03 20:52:49	1
330	quangdai2	2026-04-03 20:52:57	1
331	quangdai3	2026-04-03 20:53:06	1
332	quangdai4	2026-04-03 20:53:23	1
333	quangdai5	2026-04-03 20:54:10	1
344	namkaka22	2026-04-04 10:22:54	1
345	namkaka33	2026-04-04 10:23:02	1
346	namkaka44	2026-04-04 10:23:14	1
347	namkaka55	2026-04-04 10:23:22	1
