charname	userId	username	luonglock	luong	lastLog
boos	85	duc09	215537	388	2026-04-06 07:56:21
bestlife	33	dukc03	190694	2195	2026-04-06 08:25:06
clqd01	141	upqd01	186831	324	2026-04-06 08:22:19
boooooos	284	duc9	166435	373	2026-04-06 07:57:05
clqd02	142	upqd02	151443	152	2026-04-06 08:24:10
clqd03	143	upqd03	145590	66	2026-04-06 08:26:50
booooos	137	duc00009	143571	3435	2026-04-06 07:55:17
sido	95	chienbinh1	138397	104	2026-04-06 07:33:51
vivi	42	hoangziki	135770	3691	2026-04-06 06:15:43
thor	90	shopnhakem	131496	131	2026-04-06 07:59:30
clqd04	144	upqd04	126622	71	2026-04-06 08:28:30
TTXXXD	311	gin1112	122935	2930	2026-04-06 05:52:24
namca	138	namkaka1	116356	2022	2026-04-06 05:30:03
TTXXDD	312	gin1113	114258	244	2026-04-06 05:52:25
top1cb	139	baby6789	113799	434	2026-04-06 08:28:30
theking	298	tien1	107724	417	2026-04-06 07:57:40
TTXXD	310	gin1111	105335	855	2026-04-06 05:52:24
brian	93	dausi1	100716	206	2026-04-06 07:33:53
Chem	25	nqsh2026	99528	637	2026-04-06 05:30:04
DocVL	24	kpah2026	98402	372	2026-04-06 05:30:03
bem4	318	soixam3	96619	513	2026-04-06 08:00:55
chudocphu	247	tuongk29	95124	180	2026-04-06 08:01:59
goku101	83	kinggod3	91993	802	2026-04-06 08:02:12
TTXD	283	ginabc4	89113	338	2026-04-06 05:52:22
king	300	tien3	87371	4572	2026-04-06 08:24:27
vivi4	228	hoangziki3	84679	664	2026-04-06 06:26:49
namca5	282	namkaka5	84382	322	2026-04-06 05:30:03
namca2	279	namkaka2	83308	311	2026-04-06 05:30:03
vivi2	46	hoangziki1	82779	532	2026-04-06 06:19:03
KingPK	27	2026nqsh	82624	3240	2026-04-06 05:30:03
vivi3	47	hoangziki2	80603	487	2026-04-06 06:36:52
chubin	303	tuong1	79692	3528	2026-04-06 08:01:59
namca3	280	namkaka3	79298	277	2026-04-06 05:30:03
leng	91	kiemkhach1	78561	388	2026-04-06 07:33:51
athena	94	cungthu1	78295	256	2026-04-06 07:33:52
TTXX	292	gin1995	77870	217	2026-04-06 05:52:23
DapVL	26	2026kpah	70439	319	2026-04-06 05:30:03
frieren	92	phapsu1	68525	420	2026-04-06 07:33:51
UpXu01	171	vippro04	67454	774	2026-04-06 08:01:13
Trang	289	love4	62559	324	2026-04-06 05:30:03
TenGiNhi	154	vippro01	61086	6045	2026-04-06 07:31:22
namca4	281	namkaka4	60221	67	2026-04-06 05:30:03
UpXu02	172	vippro05	58722	779	2026-04-06 05:30:03
vivi5	229	hoangziki4	58582	535	2026-04-06 06:32:23
goku103	82	kinggod2	57951	255	2026-04-06 08:02:12
goku102	81	kinggod1	54455	523	2026-04-06 08:02:50
godoffking	45	goku98	53537	225	2026-04-06 08:02:12
GiapVL	76	game0	50578	224	2026-04-06 05:30:03
kinggod	44	kinggod	49290	3267	2026-04-06 08:02:12
bem5	319	soixam4	43723	525	2026-04-06 08:00:55
Queen	237	playboy98	42580	633	2026-04-06 05:30:03
Dausi	240	playboy95	38611	3956	2026-04-06 07:47:34
Xahoiden	130	playboy99	38485	580	2026-04-06 05:30:03
bem2	317	soixam2	37923	354	2026-04-06 08:00:55
bem1	309	soixam1	37111	272	2026-04-06 08:00:55
bemcasever	226	soixam	34742	1258	2026-04-06 08:02:50
DaiCa	238	playboy97	33700	383	2026-04-06 05:30:03
baby	214	anhemta	32437	16	2026-04-06 06:08:42
Quynh	287	love2	30767	333	2026-04-06 05:30:03
Linh	286	love1	28721	401	2026-04-06 05:30:03
thienthai	7	manhvndk	24316	1	2026-04-06 08:25:06
faminyno1	32	dukc02	23232	269	2026-04-06 06:42:43
thanhquan	36	dukc01	22201	307	2026-04-06 06:41:36
Mafia	239	playboy96	20484	319	2026-04-06 05:30:03
lambohini	19	dukc00	17374	308	2026-04-06 06:40:47
gaplahiep	216	suzoxv2	13577	456	2026-04-06 07:10:00
soiedi	43	zonoxv	13037	277	2026-04-06 07:10:15
king69	215	suzoxv1	9242	277	2026-04-06 07:09:56
goo98	249	minhminh01	7481	269	2026-04-06 07:47:14
heloking	23	suzoxv	4321	358	2026-04-06 07:10:00
tieuthu9x	217	suzoxv3	2142	412	2026-04-06 07:09:55
tomaxsu	41	tomaxsu	1779	3109	2026-04-06 06:12:28
MaKiem	338	nam01	1640	3315	2026-04-06 07:36:11
gun98	151	minhminh00	1613	1946	2026-04-06 07:51:58
vodanh1st	18	vodanh1st	1576	3513	2026-04-06 07:20:11
ThanKiem	75	game1	1519	3548	2026-04-06 05:30:03
CungThan	62	zxc12345	1500	3576	2026-04-06 08:26:17
kazuo	8	kazuo	1468	3411	2026-04-06 07:12:56
boss	5	kindtian	1355	3315	2026-04-04 18:27:30
HalluMaple	349	bossmaple	1198	2860	2026-04-06 05:56:06
cung	72	nbl1608	1105	3307	2026-04-06 06:22:55
cung9x	116	vippro1	1024	3440	2026-04-06 06:18:32
chimto2	326	lining2	1000	3000	2026-04-04 17:50:25
