userId	username	regdate	so_char	current_lk	bag_lk	ngude_lk	giftcode_lk	admin_restore_lk	fixed_comp_lk	allowed_lk	unexplained_lk	rec_clawback_5000	rec_clawback_10000	ds_char
85	duc09	2026-03-30 18:11:31	1	215537	509	0	0	0	1000	1509	214028	214028	214028	boos:215537
141	upqd01	2026-03-31 00:05:35	1	186833	426	0	0	0	1000	1426	185407	185407	185407	clqd01:186833
33	dukc03	2026-03-27 06:15:40	1	170309	507	0	0	0	1000	1507	168802	168802	168802	bestlife:170309
284	duc9	2026-04-02 08:33:59	1	166436	356	0	0	0	1000	1356	165080	165080	165080	boooooos:166436
142	upqd02	2026-03-31 00:05:41	1	151447	739	0	0	0	1000	1739	149708	149708	149708	clqd02:151447
143	upqd03	2026-03-31 00:05:47	1	145591	504	0	0	0	1000	1504	144087	144087	144087	clqd03:145591
137	duc00009	2026-03-30 23:50:10	1	143575	544	0	0	0	1000	1544	142031	142031	142031	booooos:143575
95	chienbinh1	2026-03-30 19:24:40	1	138397	756	0	0	0	1000	1756	136641	136641	136641	sido:138397
42	hoangziki	2026-03-27 16:02:39	1	135770	776	0	0	0	1000	1776	133994	133994	133994	vivi:135770
90	shopnhakem	2026-03-30 19:21:13	1	131504	1327	0	0	0	1000	2327	129177	129177	129177	thor:131504
144	upqd04	2026-03-31 00:06:06	1	122799	500	0	0	0	1000	1500	121299	121299	121299	clqd04:122799
311	gin1112	2026-04-02 21:14:02	1	122935	737	0	0	0	1000	1737	121198	121198	121198	TTXXXD:122935
138	namkaka1	2026-03-30 23:51:52	1	116376	917	0	0	0	1000	1917	114459	114459	114459	namca:116376
312	gin1113	2026-04-02 21:14:16	1	114258	534	0	0	0	1000	1534	112724	112724	112724	TTXXDD:114258
139	baby6789	2026-03-30 23:53:28	1	113799	805	0	0	0	1000	1805	111994	111994	111994	top1cb:113799
298	tien1	2026-04-02 14:55:05	1	107726	758	0	0	0	1000	1758	105968	105968	105968	theking:107726
310	gin1111	2026-04-02 21:13:50	1	105335	556	0	0	0	1000	1556	103779	103779	103779	TTXXD:105335
93	dausi1	2026-03-30 19:24:14	1	100716	1557	0	0	0	1000	2557	98159	98159	98159	brian:100716
25	nqsh2026	2026-03-27 03:01:31	1	99543	1529	1000	0	0	1000	3529	96014	96014	96014	Chem:99543
24	kpah2026	2026-03-27 02:59:23	1	98408	1045	1000	0	0	1000	3045	95363	95363	95363	DocVL:98408
318	soixam3	2026-04-02 23:26:51	1	96622	705	0	0	0	1000	1705	94917	94917	94917	bem4:96622
247	tuongk29	2026-04-01 14:59:27	1	95125	1169	0	0	0	1000	2169	92956	92956	92956	chudocphu:95125
83	kinggod3	2026-03-30 00:55:23	1	92017	598	0	0	0	1000	1598	90419	90419	90419	goku101:92017
283	ginabc4	2026-04-01 23:08:36	1	89113	1136	0	0	0	1000	2136	86977	86977	86977	TTXD:89113
228	hoangziki3	2026-04-01 14:07:02	1	84679	591	0	0	0	1000	1591	83088	83088	83088	vivi4:84679
282	namkaka5	2026-04-01 21:15:30	1	84382	615	0	0	0	1000	1615	82767	82767	82767	namca5:84382
279	namkaka2	2026-04-01 21:15:09	1	83308	862	0	0	0	1000	1862	81446	81446	81446	namca2:83308
46	hoangziki1	2026-03-28 00:08:42	1	82779	665	0	0	0	1000	1665	81114	81114	81114	vivi2:82779
27	2026nqsh	2026-03-27 04:22:24	1	82638	1167	1000	0	0	1000	3167	79471	79471	79471	KingPK:82638
47	hoangziki2	2026-03-28 00:08:55	1	80604	539	0	0	0	1000	1539	79065	79065	79065	vivi3:80604
280	namkaka3	2026-04-01 21:15:15	1	79298	344	0	0	0	1000	1344	77954	77954	77954	namca3:79298
303	tuong1	2026-04-02 16:58:08	1	79703	756	0	0	0	1000	1756	77947	77947	77947	chubin:79703
91	kiemkhach1	2026-03-30 19:23:50	1	78561	483	0	0	0	1000	1483	77078	77078	77078	leng:78561
94	cungthu1	2026-03-30 19:24:23	1	78295	797	0	0	0	1000	1797	76498	76498	76498	athena:78295
292	gin1995	2026-04-02 10:13:27	1	77870	802	0	0	0	1000	1802	76068	76068	76068	TTXX:77870
26	2026kpah	2026-03-27 04:22:00	1	70445	1172	1000	0	0	1000	3172	67273	67273	67273	DapVL:70445
92	phapsu1	2026-03-30 19:24:03	1	68525	1139	0	0	0	1000	2139	66386	66386	66386	frieren:68525
171	vippro04	2026-03-31 03:23:54	1	67471	1282	0	0	0	1000	2282	65189	65189	65189	UpXu01:67471
289	love4	2026-04-02 09:48:51	1	62559	494	0	0	0	1000	1494	61065	61065	61065	Trang:62559
281	namkaka4	2026-04-01 21:15:22	1	60221	631	0	0	0	1000	1631	58590	58590	58590	namca4:60221
229	hoangziki4	2026-04-01 14:07:36	1	58584	484	0	0	0	1000	1484	57100	57100	57100	vivi5:58584
172	vippro05	2026-03-31 03:24:12	1	58780	1361	0	0	0	1000	2361	56419	56419	56419	UpXu02:58780
82	kinggod2	2026-03-30 00:55:13	1	57960	614	0	0	0	1000	1614	56346	56346	56346	goku103:57960
81	kinggod1	2026-03-30 00:54:56	1	54457	713	0	0	0	1000	1713	52744	52744	52744	goku102:54457
45	goku98	2026-03-27 22:50:26	1	53543	1225	0	0	0	1000	2225	51318	51318	51318	godoffking:53543
76	game0	2026-03-29 17:15:31	1	50592	727	0	0	0	1000	1727	48865	48865	48865	GiapVL:50592
44	kinggod	2026-03-27 18:48:44	1	49294	1564	1000	0	0	1000	3564	45730	45730	45730	kinggod:49294
319	soixam4	2026-04-02 23:27:07	1	43726	825	0	0	0	1000	1825	41901	41901	41901	bem5:43726
237	playboy98	2026-04-01 14:40:58	1	42580	817	0	0	0	1000	1817	40763	40763	40763	Queen:42580
130	playboy99	2026-03-30 23:06:40	1	38485	395	0	0	0	1000	1395	37090	37090	37090	Xahoiden:38485
240	playboy95	2026-04-01 14:41:32	1	38615	710	0	0	0	1000	1710	36905	36905	36905	Dausi:38615
317	soixam2	2026-04-02 23:26:38	1	37926	670	0	0	0	1000	1670	36256	36256	36256	bem2:37926
309	soixam1	2026-04-02 19:22:00	1	37111	573	0	0	0	1000	1573	35538	35538	35538	bem1:37111
238	playboy97	2026-04-01 14:41:13	1	33700	351	0	0	0	1000	1351	32349	32349	32349	DaiCa:33700
226	soixam	2026-04-01 13:58:04	2	32094	1351	0	0	0	1000	2351	29743	29743	29743	bemcasever:32094 | damcasever:0
214	anhemta	2026-04-01 09:45:26	3	32460	1322	1000	0	0	1000	3322	29138	29138	29138	baby:32460 | bamm:0 | bammm:0
287	love2	2026-04-02 09:48:32	1	30767	1067	0	0	0	1000	2067	28700	28700	28700	Quynh:30767
286	love1	2026-04-02 09:48:19	1	28721	596	0	0	0	1000	1596	27125	27125	27125	Linh:28721
300	tien3	2026-04-02 14:55:29	1	25950	682	1000	0	0	1000	2682	23268	23268	23268	king:25950
7	manhvndk	2026-03-26 08:08:52	1	24322	555	0	0	0	1000	1555	22767	22767	22767	thienthai:24322
32	dukc02	2026-03-27 06:15:28	1	23256	592	0	0	0	1000	1592	21664	21664	21664	faminyno1:23256
36	dukc01	2026-03-27 06:32:50	1	22225	474	0	0	0	1000	1474	20751	20751	20751	thanhquan:22225
239	playboy96	2026-04-01 14:41:23	1	20484	783	0	0	0	1000	1783	18701	18701	18701	Mafia:20484
19	dukc00	2026-03-26 20:45:01	1	17390	526	0	0	0	1000	1526	15864	15864	15864	lambohini:17390
154	vippro01	2026-03-31 02:01:35	1	16092	1610	0	0	0	1000	2610	13482	13482	13482	TenGiNhi:16092
216	suzoxv2	2026-04-01 09:50:27	2	13776	1008	0	0	0	1000	2008	11768	11768	11768	gaplahiep:13585 | clon1:191
43	zonoxv	2026-03-27 17:15:37	2	13489	1272	0	0	0	1000	2272	11217	11217	11217	soiedi:13044 | colon:445
215	suzoxv1	2026-04-01 09:50:03	2	9320	838	0	0	0	1000	1838	7482	7482	0	king69:9253 | clon2:67
249	minhminh01	2026-04-01 15:14:57	1	7079	993	0	0	0	1000	1993	5086	5086	0	goo98:7079
23	suzoxv	2026-03-27 00:51:04	1	4342	1717	1000	0	0	1000	3717	625	0	0	heloking:4342
5	kindtian	2026-03-26 08:08:30	1	1355	184	0	0	0	1000	1184	171	0	0	boss:1355
217	suzoxv3	2026-04-01 09:50:46	2	2239	1184	0	0	0	1000	2184	55	0	0	tieuthu9x:2154 | thuy1:85
338	nam01	2026-04-04 09:08:30	1	1658	658	0	0	0	1000	1658	0	0	0	MaKiem:1658
326	lining2	2026-04-03 18:49:08	1	1000	0	0	0	0	1000	1000	0	0	0	chimto2:1000
349	bossmaple	2026-04-05 20:14:56	1	1143	238	0	0	0	1000	1238	-95	0	0	HalluMaple:1143
8	kazuo	2026-03-26 08:08:56	1	1471	719	0	0	0	1000	1719	-248	0	0	kazuo:1471
116	vippro1	2026-03-30 20:55:57	1	1024	321	0	0	0	1000	1321	-297	0	0	cung9x:1024
75	game1	2026-03-29 17:15:00	1	1523	854	0	0	0	1000	1854	-331	0	0	ThanKiem:1523
41	tomaxsu	2026-03-27 15:56:05	1	1780	1263	0	0	0	1000	2263	-483	0	0	tomaxsu:1780
18	vodanh1st	2026-03-26 17:01:56	1	1576	1114	0	0	0	1000	2114	-538	0	0	vodanh1st:1576
150	kent5520	2026-03-31 00:59:58	1	968	672	0	0	0	1000	1672	-704	0	0	kentfoto:968
62	zxc12345	2026-03-28 18:49:56	1	1500	1207	0	0	0	1000	2207	-707	0	0	CungThan:1500
288	love3	2026-04-02 09:48:42	1	586	358	0	0	0	1000	1358	-772	0	0	TieuMy:586
290	love5	2026-04-02 09:49:11	1	488	317	0	0	0	1000	1317	-829	0	0	Congchua:488
135	duc009	2026-03-30 23:49:06	1	627	558	0	0	0	1000	1558	-931	0	0	booos:627
79	game4	2026-03-29 17:16:19	1	486	456	0	0	0	1000	1456	-970	0	0	ThanBut:486
80	game5	2026-03-29 17:16:35	1	553	531	0	0	0	1000	1531	-978	0	0	ThanDao:553
119	kazuo1	2026-03-30 21:10:07	1	728	711	0	0	0	1000	1711	-983	0	0	kazuo1:728
250	vinh1	2026-04-01 15:44:40	1	296	286	0	0	0	1000	1286	-990	0	0	ChienBinh:296
343	binhne	2026-04-04 09:14:07	1	249	240	0	0	0	1000	1240	-991	0	0	kiemtien:249
341	nam04	2026-04-04 09:09:08	2	265	257	0	0	0	1000	1257	-992	0	0	upxuxu4:158 | jmwk:107
313	nokiapromax	2026-04-02 21:23:58	1	125	118	0	0	0	1000	1118	-993	0	0	cungthan9x:125
302	tien5	2026-04-02 14:55:56	1	136	130	0	0	0	1000	1130	-994	0	0	xinhgai:136
193	advip1	2026-03-31 06:31:12	3	429	424	0	0	0	1000	1424	-995	0	0	kgnjamjj:193 | kgnjajjj:136 | kgnjajj:100
348	hn476447	2026-04-05 20:09:50	1	190	185	0	0	0	1000	1185	-995	0	0	Hiuzz:190
305	tuong3	2026-04-02 16:58:24	1	156	151	0	0	0	1000	1151	-995	0	0	hachi:156
252	vinh3	2026-04-01 15:44:46	1	111	106	0	0	0	1000	1106	-995	0	0	de10:111
278	anhtuan5	2026-04-01 18:44:13	3	589	585	0	0	0	1000	1585	-996	0	0	jmdhmjgg:253 | jmdhmjg:213 | jmdhmjggj:123
231	acup1	2026-04-01 14:09:50	1	144	140	0	0	0	1000	1140	-996	0	0	de05:144
189	vipsv4	2026-03-31 05:43:56	3	515	512	0	0	0	1000	1512	-997	0	0	jmdhm:226 | jmdhmj:149 | kgbmk:140
248	ntc01st	2026-04-01 15:09:00	1	367	364	0	0	0	1000	1364	-997	0	0	kaizto:367
324	lining	2026-04-03 11:13:43	1	281	278	0	0	0	1000	1278	-997	0	0	chimto:281
234	acup4	2026-04-01 14:10:04	1	217	214	0	0	0	1000	1214	-997	0	0	de08:217
306	tuong4	2026-04-02 16:58:31	1	147	144	0	0	0	1000	1144	-997	0	0	gaia:147
251	vinh2	2026-04-01 15:44:43	1	126	123	0	0	0	1000	1123	-997	0	0	de09:126
196	advip5	2026-03-31 06:32:17	3	600	598	0	0	0	1000	1598	-998	0	0	jdjmjjjjgn:209 | jdjmjjjgn:204 | jdjmjmjgn:187
190	vipsv5	2026-03-31 05:44:13	2	499	497	0	0	0	1000	1497	-998	0	0	jdjmjgn:290 | jdjmjjgn:209
140	duc0009	2026-03-30 23:55:43	1	334	332	0	0	0	1000	1332	-998	0	0	boooos:334
28	linhphulong1	2026-03-27 04:39:48	1	169	167	0	0	0	1000	1167	-998	0	0	thantien:169
254	vinh5	2026-04-01 15:44:53	1	128	126	0	0	0	1000	1126	-998	0	0	de12:128
111	tuyetvip03	2026-03-30 20:40:34	1	113	111	0	0	0	1000	1111	-998	0	0	dausi1:113
113	tuyetvip05	2026-03-30 20:41:14	1	102	100	0	0	0	1000	1100	-998	0	0	daovip1:102
304	tuong2	2026-04-02 16:58:18	1	102	100	0	0	0	1000	1100	-998	0	0	xuanphan:102
110	tuyetvip02	2026-03-30 20:40:05	1	206	205	0	0	0	1000	1205	-999	0	0	kiemkhach1:206
253	vinh4	2026-04-01 15:44:50	1	159	158	0	0	0	1000	1158	-999	0	0	de11:159
40	linhphulong4	2026-03-27 15:12:25	1	1	0	0	0	0	1000	1000	-999	0	0	thaytumu:1
37	linhphulong	2026-03-27 15:11:17	1	20	20	0	0	0	1000	1020	-1000	0	0	3bua:20
233	acup3	2026-04-01 14:10:00	1	214	235	0	0	0	1000	1235	-1021	0	0	de07:214
166	anhbanh3	2026-03-31 02:36:15	1	176	198	0	0	0	1000	1198	-1022	0	0	Top1:176
199	hihi1	2026-03-31 06:33:37	2	219	242	0	0	0	1000	1242	-1023	0	0	anhlaan:128 | top2:91
201	hihi3	2026-03-31 06:33:47	1	196	219	0	0	0	1000	1219	-1023	0	0	top4:196
232	acup2	2026-04-01 14:09:54	1	137	160	0	0	0	1000	1160	-1023	0	0	de06:137
131	vanan1	2026-03-30 23:45:19	1	158	182	0	0	0	1000	1182	-1024	0	0	de01:158
202	hihi4	2026-03-31 06:33:52	1	109	133	0	0	0	1000	1133	-1024	0	0	top5:109
203	hihi5	2026-03-31 06:33:56	1	209	234	0	0	0	1000	1234	-1025	0	0	top6:209
200	hihi2	2026-03-31 06:33:42	1	160	185	0	0	0	1000	1185	-1025	0	0	top3:160
72	nbl1608	2026-03-29 05:26:38	1	1172	1214	0	0	0	1000	2214	-1042	0	0	cung:1172
78	game3	2026-03-29 17:16:02	1	389	478	0	0	0	1000	1478	-1089	0	0	ThanBua:389
328	lining4	2026-04-03 18:49:19	1	325	414	0	0	0	1000	1414	-1089	0	0	chimto5:325
63	zxc123456	2026-03-28 18:50:13	1	629	733	0	0	0	1000	1733	-1104	0	0	BuaThan:629
112	tuyetvip04	2026-03-30 20:40:56	1	455	568	0	0	0	1000	1568	-1113	0	0	cungthu1:455
133	vanan3	2026-03-30 23:45:44	1	171	285	0	0	0	1000	1285	-1114	0	0	de03:171
84	tuyetvip01	2026-03-30 18:09:02	1	343	459	0	0	0	1000	1459	-1116	0	0	phapsu1:343
134	vanan4	2026-03-30 23:45:50	1	68	193	0	0	0	1000	1193	-1125	0	0	de04:68
132	vanan2	2026-03-30 23:45:26	1	9	144	0	0	0	1000	1144	-1135	0	0	de02:9
77	game2	2026-03-29 17:15:48	1	206	351	0	0	0	1000	1351	-1145	0	0	ThanCung:206
115	vippro	2026-03-30 20:52:18	1	445	594	0	0	0	1000	1594	-1149	0	0	cung8x:445
340	nam03	2026-04-04 09:08:58	2	212	364	0	0	0	1000	1364	-1152	0	0	wmjdj:212 | upxuxu2:0
89	anhtoxic	2026-03-30 19:01:16	1	178	346	0	0	0	1000	1346	-1168	0	0	love:178
187	vipsv2	2026-03-31 05:43:25	3	479	699	0	0	0	1000	1699	-1220	0	0	kgnjam:277 | kgnjamj:202 | knagem:0
197	ducem	2026-03-31 06:32:38	1	28	257	0	0	0	1000	1257	-1229	0	0	cung7x:28
21	vodanh2st	2026-03-26 22:04:19	1	390	633	0	0	0	1000	1633	-1243	0	0	vodanh2st:390
10	nbl1607	2026-03-26 08:15:11	1	312	556	0	0	0	1000	1556	-1244	0	0	dote:312
198	missyou	2026-03-31 06:33:02	1	53	323	0	0	0	1000	1323	-1270	0	0	cung6x:53
337	kindtian4	2026-04-03 22:03:38	3	392	677	0	0	0	1000	1677	-1285	0	0	xuxu12:185 | xuxu11:169 | xuxu10:38
275	anhtuan2	2026-04-01 18:43:31	2	57	357	0	0	0	1000	1357	-1300	0	0	kahdnk:57 | khtkm:0
22	vodanh3st	2026-03-26 22:04:34	1	409	713	0	0	0	1000	1713	-1304	0	0	vodanh3st:409
339	nam02	2026-04-04 09:08:47	2	167	471	0	0	0	1000	1471	-1304	0	0	jmwmj:160 | upxuxu1:7
56	vodanh4st	2026-03-28 08:50:26	1	429	735	0	0	0	1000	1735	-1306	0	0	vodanh4st:429
335	kindtian2	2026-04-03 22:03:18	3	456	767	0	0	0	1000	1767	-1311	0	0	xuxu6:223 | xuxu5:215 | xuxu4:18
336	kindtian3	2026-04-03 22:03:28	3	183	523	0	0	0	1000	1523	-1340	0	0	xuxu8:117 | xuxu9:64 | xuxu7:2
204	meocon	2026-03-31 06:34:11	1	35	380	0	0	0	1000	1380	-1345	0	0	cung5x:35
114	vanan27	2026-03-30 20:49:09	1	58	420	0	0	0	1000	1420	-1362	0	0	BachCongTu:58
151	minhminh00	2026-03-31 01:16:26	1	581	977	0	0	0	1000	1977	-1396	0	0	gun98:581
299	tien2	2026-04-02 14:55:17	1	233	635	0	0	0	1000	1635	-1402	0	0	emxinh:233
334	kindtian1	2026-04-03 22:03:01	3	380	792	0	0	0	1000	1792	-1412	0	0	xuxu3:206 | xuxu2:162 | xuxu1:12
235	acup5	2026-04-01 14:10:07	1	235	745	0	0	0	1000	1745	-1510	0	0	SzKiemZ:235
186	vipsv1	2026-03-31 05:43:08	3	232	771	0	0	0	1000	1771	-1539	0	0	jdjgn:215 | vipkh:17 | vip1:0
57	vodanh5st	2026-03-28 08:50:41	1	437	982	0	0	0	1000	1982	-1545	0	0	vodanh5st:437
61	zxc1234	2026-03-28 18:49:35	1	492	1097	0	0	0	1000	2097	-1605	0	0	KiemThan:492
262	bam3	2026-04-01 17:08:36	3	735	1415	0	0	0	1000	2415	-1680	0	0	bam3:337 | bam333:233 | bam33:165
169	vippro02	2026-03-31 02:56:34	1	655	1376	0	0	0	1000	2376	-1721	0	0	RaiNy:655
206	nangnang	2026-03-31 06:35:21	1	14	824	0	0	0	1000	1824	-1810	0	0	cungthan1:14
261	bam2	2026-04-01 17:08:23	3	752	1607	0	0	0	1000	2607	-1855	0	0	bam222:270 | bam2:251 | bam22:231
263	bam4	2026-04-01 17:08:52	3	573	1444	0	0	0	1000	2444	-1871	0	0	bam4:283 | bam44:175 | bam444:115
60	zxc123	2026-03-28 18:49:09	1	788	1661	0	0	0	1000	2661	-1873	0	0	ChienThan:788
260	bam1	2026-04-01 17:08:08	3	737	1617	0	0	0	1000	2617	-1880	0	0	bam11:273 | bam1:263 | bam111:201
301	tien4	2026-04-02 14:55:42	1	90	997	0	0	0	1000	1997	-1907	0	0	deptrai:90
170	vippro03	2026-03-31 02:56:50	3	690	2096	0	0	0	1000	3096	-2406	0	0	SatThu:683 | upxu0:7 | upxu1:0
64	zxc1234567	2026-03-28 18:50:50	1	460	1083	1000	0	0	1000	3083	-2623	0	0	DaoThan:460
